,title,year,conference,journal,workshop,bookChapter,authorsNumber,authors,validation,evaluation,solutionProposal,experience,model,method,metric,tool,openItems,terrestrialApproach,aerialApproach,aquaticApproach,spatialApproach,genericApproach,multiRobotApproach,dsl,uml,umlDialect,transformation,codeGeneration,modelsRuntime,analysis,behaviour,navigation,structure,experiment,caseStudy,example,realProject,simulation,terrestrialEval,aerialEval,aquaticEval,spatialEval,genericEval,multiRobotEval,numberRobotsEval,languageWorkbench,eclipseBased,toolName,specificAspect
ID-93,Using Physical Quantities in Robot Software Models,2018,,,x,,4,"Burgueño, L., Mayerhofer, T., Wimmer, M., & Vallecillo, A. (",x,,x,,x,x,x,,,,,,,x,,,x,,,,,x,x,,,,,x,,,x,,,,,,1,,,,
ID-96,SeMo: Service-Oriented and Model-Based Software Framework for Cooperating Robots,2018,,x,,,4,"Hong, H., Jung, H., Park, K., & Ha, S. ",x,,x,,x,x,x,x,,,,,,x,x,x,,,,x,,,x,,x,x,,,,,x,,,,,x,>1,,,Semo,
ID-97,A Component-Based and Model-Driven Approach to Deal with Non-Functional Properties through Global QoS Metrics,2018,,,x,,3,"Vicente-Chicote, C., Inglés-Romero, J. F., & Martinez, J. ",x,,x,,x,x,,x,,,,,,x,,x,,,x,x,x,,x,,,x,,,,,,,,,x,,1,,x,RoQME tool-chain,
ID-75,Modularization of Domain-Specific Languages for Extensible Component-Based Robotic Systems,2017,x,,,,4,"Dennis Leroy Wigand, Arne Nordmann, Michael Goerlich, Sebastian Wrede",x,,x,,x,x,,,x,x,,,,,,x,,,x,x,,,x,,,x,,,,,x,,,,,,1,MPS,,,
ID-76,Managing the Functional Variability of Robotic Perception Systems,2017,x,,,,2,"Davide Brugali, Nico Hochgeschwender",x,,x,,,x,,x,,,,,,x,,x,,,x,,,,,,x,,,,x,,x,,,,,,1,Internal,x,HyperFlex,
ID-87,A Generated Property Specification Language for Resilient Multirobot Missions,2017,x,,,,3,Swaib DraguleBart MeyersPatrizio Pelliccione,x,,x,,x,x,,x,,,x,,,,x,x,,,x,x,x,,x,,,,,x,,,,x,,,,x,>1,EMF,,FLYAQ,
ID-91,Executing Robot Task Models in Dynamic Environments,2017,,,x,,5,"K Adam, A Butting, O Kautz, B Rumpe, A Wortmann",x,,x,,x,x,,,,x,,,,,,x,,,x,x,x,,x,,x,,,x,,,x,,,,,,1,MontiCore,,,
ID-92,Engineering Robotics Software Architectures with Exchangeable Model Transformations,2017,x,,,,5," Kai Adam, Katrin Hölldobler, Bernhard Rumpe, Andreas Wortmann",x,,x,,x,x,,x,,,,,,x,x,x,,,x,x,,,,,x,,,x,,,x,,,,,,1,MontiCore,x,MontiArc,
ID-94,DRONA: A Framework for Safe Distributed Mobile Robotics,2017,x,,,,5,"Desai, A., Saha, I., Yang, J., Qadeer, S., & Seshia, S. A.",x,,x,,x,x,,x,,,x,,,,x,x,,,,x,,,x,x,,,,,,x,,x,,,,x,128,,,Drona Tool Chain,
ID-95,A Scenario-based MDE Process for Developing Reactive Systems: A Cleaning Robot Example.,2017,,,x,,4,"Greenyer, J., Gritzner, D., Shi, J., & Wete, E. ",x,,x,,x,x,,x,,x,,,,,,x,,,,x,,,x,,x,x,,,,,x,,,,,,1,EMF,x,Scenario-Tools,
ID-70,Automatic Generation of Detailed Flight Plans from High-level Mission Descriptions,2016,x,,,,4,"M. Tivoli, D. Di Ruscio, I. Malavolta, P. Pelliccione",x,,x,,x,x,,x,,,x,,,,x,x,,,x,x,,,x,x,,,,,,x,,x,,,,x,>1,EMF,,FLYAQ,
ID-71,Model-based engineering of autonomous systems using ontologies and metamodels,2016,x,,,,3,"Julita Bermejo-Alonso, Carlos Hernández, Ricardo Sanz",x,,x,,x,x,,,,x,,,,,,,x,,x,,x,,x,,x,,,x,,,x,,,,,,1,,,,
ID-72,Combining robotics component-based model-driven development with a model-based performance analysis,2016,x,,,,9,"Alex Lotz, Arne Hamann, Ralph Lange, Christian Heinzemann, Jan Staschulat, Vincent Kesel, Dennis Stampfer, Matthias Lutz, Christian Schlegel ",x,,x,,x,x,,x,,,,,,x,,,x,SmartSoft,x,,,x,,,,x,,,,,x,,,,,,1,,x,SmartMDSD,
ID-77,Adopting MDE for Specifying and Executing Civilian Missions of Mobile Multi-Robot Systems,2016,,x,,,4,"F. Ciccozzi, D. Di Ruscio, I. Malavolta, P. Pelliccione",x,,x,,x,x,,x,,,,,,x,x,x,,,x,x,x,,x,x,,x,,,,x,,x,x,,,x,>1,,,FLYAQ,
ID-78,"ROSMOD: a toolsuite for modeling, generating, deploying, and managing distributed real-time component-based software using ROS",2016,,x,,,6,"Pranav Srinivas Kumar, William Emfinger, Gabor Karsai, Dexter Watkins, Benjamin Gasser, Amrutur Anilkumar",x,,x,,x,x,,x,,,,,,x,,x,,,,x,,,x,,x,,x,,,,x,,,,,,1,,,ROSMOD,
ID-79,Model-Driven Development Architectures to Solve Complex Autonomous Robotics Problems,2016,,x,,,4,"Alain Beaulieu, Sidney N. Givigi, Dany Ouellet, Jay Thor Turner",x,,x,,,x,,x,,x,,,,,,x,x,UML real-time,,x,,,x,x,x,x,,,,x,x,,,,,x,10,,,RTEdge,
ID-81,Model driven engineering approach to design sensing and actuation subsystems,2016,x,,,,2,"Fernando Silvano Gonçalves, Leandro Buss Becker ",x,,x,,,x,,x,,,,,,x,,x,,,x,x,,,x,,x,,,,x,,,x,,,,,1,,x,ECPSModeling,
ID-83,Model-based development of a controller and simulator for a mobile robot.,2016,x,,,,3,"M. K. Oplenskedal, P. Herrmann, J. O. Blech",x,,,x,,x,,x,,x,,,,x,,,x,,,x,,,,,x,,,,,x,x,,,,,,1,,x,ReactiveBlocks,
ID-84,A Toolset to Address Variability in Mobile Robotics. ,2016,,x,,,10,"Tewfik Ziadi, Jean-Loup Farges, Serge Stinckwich, Mikal Ziane, Saadia Dhouib, Francois Marmoiton, Nicolas Morette, Cyril Novales, Selma Kchir, Bruno Patin",x,,x,,x,x,,x,x,,,,,x,x,,x,RobotML,,x,,,x,x,x,,,,x,,x,,,,,,1,,x,"Papyrus, Orocos, RobotML",
ID-85,Applying MDA and OMG Robotic Specification for Developing Robotic Systems.,2016,x,,,,4,"C Pons, G Pérez, R Giandini, G Baum",x,,x,,x,x,,x,,,,,,x,,,x,,,x,,,x,,x,,,x,,,x,,,,,,1,,x,Acceleo,
ID-86,Formalizing the specifications of a domain-specific language for authoring behaviour of personal service robots.,2016,x,,,,3,"Chandan Datta, Elizabeth Broadbent, Bruce A MacDonald",x,,x,,x,x,,x,,x,,,,,,x,,,,x,,,x,,,x,,,,,x,,,,,,1,,,RoboStudio,
ID-88,A methodology for model-based development and safety analysis of transport systems.,2016,x,,,,3,"S Hordvik, K Øseth, JO Blech, P Herrmann",x,,x,,,x,,x,,x,,,,,x,,x,,,x,,,x,,x,x,,,,,x,,,,,,1,,x,ReactiveBlocks,
ID-90,Model-driven separation of concerns for service robotics,2016,x,,,,6,"Kai Adam, Arvid Butting, Robert Heim, Oliver Kautz, Bernhard Rumpe, Andreas Wortmann
",,x,x,,x,x,,,,x,,,,,,,x,,,x,,,,,x,,,,x,,x,,,,,,1,MontiCore,,,
ID-49,Model-based generation of a requirements monitor,2015,,,x,,2,"Kneer F., Kamsties E.",,,x,,x,x,,,,,,,,x,,x,,,x,x,x,x,,,,,,x,,,,,,,x,,1,,,,
ID-73,FLYAQ: Enabling Non-expert Users to Specify and Generate Missions of Autonomous Multicopters,2015,x,,,,5,"M. Tivoli, D. Di Ruscio, I. Malavolta, P. Pelliccione, D. Bozhinoski",x,,x,,x,x,,x,,,x,,,,x,x,,,x,x,x,,x,x,,,,,,x,,x,,,,x,>1,,,FLYAQ,
ID-74,Modeling robot and world interfaces for reusable tasks,2015,x,,,,5,"Robert Heim, Pedram Mir Seyed Nazari, Jan Oliver Ringert, Bernhard Rumpe, Andreas Wortmann",x,,x,,x,x,,x,x,,,,,x,,x,,,,x,x,,x,,x,x,,,,,x,,,,,,1,MontiCore,,RoboTask,
ID-80,Model-Based Engineering and Analysis of Space-Aware Systems Communicating via IEEE 802.11,2015,x,,,,4,"Fenglin Han, Jan Olaf Blech, Peter Herrmann, Heinz Schmidt",x,,x,,,x,,x,,,,,,x,x,,x,,,x,,,x,,x,,,,,x,x,,,,,x,>1,,x,ReactiveBlocks,
ID-82,A model-driven framework for distributed simulation of autonomous systems,2015,x,,,,4,"P. Bocciarelli, A. D'Ambrosio, A.Giglio, E. Paglia",x,,x,,x,x,,,,,,,,x,x,,x,SysML,x,x,,x,,,,,,x,,,,,,,x,,1,,,,
ID-89,Language and Code Generator Composition for Model-Driven Engineering of Robotics Component & Connector Systems,2015,,x,,,4,"Jan Oliver Ringert, Alexander Roth, Bernhard Rumpe, Andreas Wortmann",x,,x,,x,x,,x,x,,,,,x,x,x,,,,x,,,x,,x,,,x,,,x,,,,,x,>1,MontiCore,x,MontiArc,
ID-05,A Family of Domain-Specific Languages for Specifying Civilian Missions of Multi-Robot Systems,2014,,,x,,3,"Di Ruscio, Davide; Malavolta, Ivano; Pelliccione, Patrizio",x,,x,,x,x,,x,,,,,,x,x,x,,,x,x,x,,x,x,,,,x,,,,x,,,,x,<=100,,,FLYAQ,
ID-08,A model driven engineering methodology for embedded system designs - HIPAO2,2014,x,,,,1,"Doering, D.",x,,x,,,x,,x,,,,,,x,,,x,SysML,x,x,,,,x,,,,,x,,,x,,,,,1,,x,HIPAO2,
ID-11,A model-based design space exploration for embedded image processing in industrial applications,2014,x,,,,5,"Lerm, R.; Doering, D.; Rech, R.H.A.; Pereira, C.E.; Rettberg, A.",,x,x,,,x,,x,,x,,,,,,,x,SysML,x,x,,,,x,,x,,,,,,x,,,,,1,,x,HIPAO,
ID-15,A Modeling Framework for Software Architecture Specification and Validation,2014,x,,,,3,"Gobillot, Nicolas, Charles Lesire, and David Doose",x,,x,,x,x,,,,,,,,x,,x,,,x,x,,x,,,x,x,,,,,x,,,,,,1,,,,
ID-22,Addressing multi-domain integration challenge in robotics using model-based approach,2014,,,x,,3,"Ramaswamy A., Monsuez B., Tapus A.",,,x,,x,x,,x,,,,,,x, ,x,,RobotML,x,x,,,,,x,,,x,,,,,,,x,,1,,x,SafeRobot framework,
ID-28,BRIDE-A toolchain for framework-independent development of industrial service robot applications,2014,x,,,,3,"Bubeck, Alexander; Weisshardt, Florian; Verl, Alexander",x,,x,,x,x,,x,,x,,,,,,x,x,,x,x,,,,,x,,x,,,,x,,,,,,1,EMF,x,BRIDE toolchain - EMF framework,
ID-31,Control and Scheduling Co-design for a Simulated Quadcopter Robot: A Model-Driven Approach,2014,x,,,,2,"Matteo Morelli, Marco Natale",x,,x,,x,x,,x,,,x,,,,,x,x,SysML,x,x,,x,,,,x,,,,,,x,,,,,1,EMF,x,T-Res framework,
ID-36,Dynamic State Charts: Composition and coordination of complex robot behavior and reuse of action plots,2014,,x,,,2,"Stampfer D., Schlegel C.",x,,x,,,x,,,,,,,,x,,,x,,x,x,,,x,,,,,x,,,x,,,,,,1,Xtext,,,
ID-38,Extending the Kouretes Statechart Editor for Generic Agent Behavior Development,2014,x,,,,3,"Papadimitriou, G. L., Spanoudakis, N. I., & Lagoudakis, M. G.",x,,x,,x,x,,x,,,,,,x,x,x,,,x,x,,,x,,,,,,,x,x,,,,,,1,,,KSE CASE tool,
ID-39,Fault Avoidance in Development of Robot Motion-Control Software by Modeling the Computation,2014,x,,,,4,"Brodskiy, Y., Wilterdink, R., Stramigioli, S., & Broenink, J.",,,x,,,x,,x,,,,,,x, ,,,,x,x,,,x,,x,,,x,,,x,,,,,,1,,,BRIDE toolchain,
ID-42,How can model driven development approaches improve the certification process for UAS?,2014,x,,,,1,"Larrieu, N.",x,,,,,x,,,,,x,,,,x,,,,x,x,,x,,,,,,x,,,,x,,,,x,>1,,,,
ID-48,Model Driven Engineering for the Implementation of User Roles in Industrial Service Robot Applications ,2014,,x,,,3,"Bubeck, Alexander; Maidel, Benjamin & Lopez, Felipe Garcia",,x,x,,x,x,,x,,x,,,,, ,x,,,x,x,,,,,x,,x,,,,x,,,,,,1,EMF,,BRIDE toolchain,
ID-50,Model-driven analysis and design for software development of autonomous underwater vehicles,2014,,x,,,5,"Ortiz F.J., Insaurralde C.C., Alonso D., Sanchez F., Petillot Y.R.",x,,x,,x,x,,x,,,,,,x,,x,,,x,x,,,,,x,x,,,x,,,,x,,,,1,,x,C-Forge,
ID-61,SafeRobots: A model-driven Framework for developing Robotic Systems,2014,x,,,,3,"Ramaswamy, A.; Monsuez, B.; Tapus, A.",,,x,,x,x,,x,,x,,,,,,x,,,x,x,,,,x,,,,x,,,x,,,,,,1,Xtext,x,SafeRobots framework,
ID-67,Towards Rule-Based Dynamic Safety Monitoring for Mobile Robots,2014,x,,,,4,"Adam, Sorin and Larsen, Morten and Jensen, Kjeld and Schultz, Ulrik Pagh",x,,x,,x,x,,,,,,,,x,,x,,,x,x,,,x,,,,,,,x,x,,,,,,1,,,,
ID-02,A Component-Based Meta-Model and Framework in the Model Driven Toolchain C-Forge,2014,x,,,,5,"Francisco J. Ortiz, Diego Alonso, Francisca Rosique, Francisco Sánchez-Ledesma, Juan A. Pastor",x,,x,,,x,,x,,,,,,x,x,,,,x,x,x,,x,,,,,,x,,x,,x,,,,1,,x,C-Forge,
ID-01,A CASE tool for robot behavior development,2013,,,,x,3,"Topalidou-Kyniazopoulou A., Spanoudakis N.I., Lagoudakis M.G.",x,,x,,,x,,x,,x,,,,,,,,,x,x,,,x,,,,,x,,,x,,,,,,1,EMF,,"Kouretes
Statechart Editor",
ID-07,A hierarchical modeling method based on model-driven development in real-time control system design,2013,x,,,,5,Bi He; Bin Wang; Li Guo; Tongyao Yang; Xin Xiong,x,,,,x,x,,,,,,,,x,,x,,,x,x,,,x,,,,,x,,,x,,,,,,1,,,,
ID-10,A model-based approach to software deployment in robotics,2013,x,,,,6,"Hochgeschwender, N.; Gherardi, L.; Shakhirmardanov, A.; Kraetzschmar, G.K.; Brugali, D.; Bruyninckx, H.",x,,x,,x,x,,,,,,,,x,,x,,,,,,x,,,,,,x,,,x,,,,,,1,Xtext,,,
ID-14,A Model-Driven Software Component Framework for Fractionated Spacecraft,2013,x,,,,5,"Dubey, Abhishek; Gokhale, Aniruddha; Karsai, Gabor; Otte, William R.; Willemsen, Johnny",x,,x,,,x,,x,,,,,x,,,,,,x,x,,,,,x,,,x,,,,,,x,,,1,,x,FX component framework,
ID-24,An MDE solution for the development of robotic device drivers,2013,x,,,,2,"Conner Hansen, Eugene Syriani",x,,,,,x,,x,,,,,,x,,,,,x,,x,,x,,,,,,,x,,,,,x,,1,AToM,,"AToMPM, FSM Editor",
ID-25,An object-oriented analysis and design model to implement controllers for quadrotor uavs by specializing MDA's features with hybrid automata and real-time UML,2013,,x,,,3,"Diem P.G., Hien N.V., Khanh N.P.",x,,x,,,x,,,,,x,,,,,,x,,x,x,,,,x,,,,x,,,,x,,,,,1,,,,
ID-33,Dealing with run-time variability in service robotics: towards a DSL for non-functional properties,2013,,x,,,4,"Inglés-Romero, Juan Francisco; Lotz, Alex; Chicote, Cristina Vicente; Schlegel, Christian",x,,x,,x,x,,,,x,,,,,,x,,,x,,x,,x,,,,,x,,,x,,,,,,1,,,,
ID-43,Implementation of a subsumption based architecture using model-driven development,2013,x,,,,3,"Turner, J.T.; Givigi, S.N.; Beaulieu, A.",x,,,,x,x,,x,,,,,,x,x,x,,,,,x,,,,x,x,,,,,x,,,,,,1,,,RTEdge,
ID-52,Model-driven development of safe self-optimizing mechatronic systems with MechatronicUML,2013,,,,x,2,"Giese H., Schafer W.",x,,x,,x,x,,x,,,,,,x,x,x,,MechatronicUML,x,x,,,,,x,,,,x,,x,,,,,,1,,,FUJABA Real-Time Tool Suite,
ID-55,Model-driven safety assessment of robotic systems,2013,x,,,,4,"Yakymets, N.; Dhouib, S.; Jaber, H.; Lanusse, A.",x,,x,,x,x,x,x,,,,,,x,,x,x,RobotML,x,x,,x,,,,,,,x,,x,,,,,,1,EMF,x,MSA framework,
ID-58,Rapid application development of constrained-based task modelling and execution using domain specific languages,2013,x,,,,5,"Vanthienen, Dominick; Klotzbuucher, M.; De Schutter, Joris; De Laet, Tinne; Bruyninckx, Herman",x,,,,x,x,,,,x,,,,,,x,,,x,x,,,x,,,x,,,,,x,,,,,,1,Internal,,,
ID-66,"Towards Easy Robot Programming-Using DSLs, Code Generators and Software Product Lines.",2013,x,,,,4,"Baumgartl, Johannes; Buchmann, Thomas; Henrich, Dominik; Westfechtel, Bernhard",x,,x,,x,x,,x,,,,,,x,,x,,,x,x,,,x,x,,x,,,,,,,,,x,,1,,x,"Eclipse EMF, Acceleo",
ID-63,The BRICS component model: a model-based development paradigm for complex robotics software systems,2013  ,x,,,,6,"Herman Bruyninckx, Markus Klotzbücher, Nico Hochgeschwender, Gerhard Kraetzschmar, Luca Gherardi, Davide Brugali",x,,x,,,x,,x,,x,,,,,,,x,,x,x,,,,,x,x,,,,,x,,,,,,1,,,"BRICS framework, BRIDE toolchain",
ID-21,A visual modeling language for RDIS and ROS nodes using AToM3,2012  ,x,,,,3,"Paul Kilgo, Eugene Syriani, Monica Anderson",,,x,,x,x,,x,,,,,,x,,x,,,x,x,,,,,x,,,x,,,,,,,x,,1,AToM,,AToM3,
ID-03,A domain specific language for modeling differential constraints of mobile robots,2012,,x,,,4,"Guarnieri, Marco; Magri, Eros; Brugali, Davide; Gherardi, Luca",x,,x,,x,x,,x,,x,,,,,,x,,,x,x,,,,x,,,,x,,,x,,,,,,1,Xtext,x,Xtext framework ,
ID-18,A Reuse-oriented Development Process for Component-based Robotic Systems,2012,x,,,,5,"Brugali, Davide and Gherardi, Luca and Biziak, A. and Luzzana, Andrea and Zakharov, Alexey",x,,x,,,x,,x,,x,,,,,,,,,x,x,,,,x,,,,x,,,x,,,,,,1,,,"SPL - tools: FODA, BRIDE",
ID-19,A software platform for fractionated spacecraft,2012,x,,,,10,"Dubey, A.; Emfinger, W.; Gokhale, A.; Karsai, G.; Otte, W.R.; Parsons, J.; Szabo, C.; Coglio, A.; Smith, E.; Bose, P.",,,x,,,x,,x,,,,,x,,,,,,x,x,x,,,,x,,,x,,,,,,x,,,1,,,F6 Model-driven Development Kit (F6MDK),
ID-40,From Teleo-Reactive specifications to architectural components: A model-driven approach ,2012,,x,,,4,"Sánchez, P., Alonso, D., Morales, J. M., & Navarro, P. J.",x,,,,,x,,x,,,,,,x,,x,,,x,x,,,x,,,x,,,,,x,,,,,,1,EMF,x,Eclipse based toolset,
ID-51,Model-driven behavior specification for robotic teams,2012,x,,,,3,"Alexandros Paraschos, Nikolaos I. Spanoudakis, Michail G. Lagoudakis",x,,x,,x,x,,x,,x,,,,,x,x,,,x,x,,,x,,,x,,,,,x,,,,,x,4,EMF,x,Eclipse Modeling Project toolchain,
ID-54,Model-driven engineering techniques for the development of multi-agent systems,2012,,x,,,3,Gascuena JM;Navarro E;Fernandez-Caballero A;,x,,x,,,x,x,x,,,,,,x,x,,x,,x,x,,,,,x,,x,,,,x,,,,,x,>1,EMF,x,"Eclipse based toolset, Prometheus Graphical Editor",
ID-60,"Robotml, a domain-specific language to design, simulate and deploy robotic applications",2012,x,,,,5,"Dhouib, Saadia; Kchir, Selma; Stinckwich, Serge; Ziadi, Tewfik; Ziane, Mikal",x,,x,,x,x,,x,,,,,,x,,x,,RobotML,x,x,,,x,,x,,,x,,,x,,,,,,1,,x,RobotML,
ID-09,A Model-Based Approach for Reconciliation of Polychronous Execution Traces,2011,x,,,,3,"Garces, K.; DeAntoni, J.; Mallet, F.",x,,x,,,x,,x,,,,,,x,,,x,,x,,,x,,,,,,x,,,x,,,,,,1,,x,Eclipse EMF,
ID-16,A modelling language for cooperative plans in highly dynamic domains,2011,,x,,,4,"Skubch, Hendrik; Wagner, Michael; Reichle, Roland; Geihs, Kurt",x,,x,,x,x,,x,,x,,,,,x,x,,,x,x,,,x,,,,,x,,,x,,,,,x,<=5,EMF,,Plan designer (SPICA + ALICA),
ID-23,Addressing systems verification of autonomous systems through Bi-directional model transformations: A systems model driven architecture approach,2011,x,,,,4,"Callow, G.; Kalawsky, R.; Watson, G.; Okuda, Y.",,,x,,,x,,x,,,,,,x,,,,,x,,,x,,,,,,x,,,,,,,x,,1,,x,MediniQVT,
ID-26,Applying software engineering techniques to the development of robotic systems,2011,x,,,,4,"Pons, Claudia; Arévalo, Gabriela Beatriz; Zabala, Gonzalo; Morán, Ricardo",,,x,,x,x,,,,,,,,x,,x,x,,x,x,,,x,,,,,x,,,x,,,,,,1,,,,
ID-32,Control of swarms of autonomous robots using Model Driven Development - A state-based approach,2011,x,,,,3,"Ouellet, D.; Givigi, S.N.; Beaulieu, A.J.G.",x,,,,x,x,,,,,x,,,,x,x,,,,,,,x,,,,,,,x,,x,,,,x,<= 100,,,,
ID-37,Engineering Heterogeneous Robotics Systems: A Software-Architecture-Based Approach,2011,,x,,,6,"Medvidovic, Nenad; Tajalli, Hossein; Garcia, Joshua; Krka, Ivo; Brun, Yuriy; Edwards, George",x,,x,,,x,,x,,,,,,x,x,,,,x,x,,,,,x,,,x,,,x,,,,,x,4,,,"XTEAM, RoboPrism,PLASMA",
ID-44,Improving Real-Time software design with component and aspect approaches,2011,x,,,,3,"Hamouche, R.; Abdeddaim, Y.; Kocik, R.",x,,,,,x,,x,,,,,,x,,,,,x,x,,x,,,,,,x,,,x,,,,,,1,,,MoDEST,
ID-45,Managing execution variants in task coordination by exploiting design-time models at run-time,2011,x,,,,2,"Steck, Andreas; Schlegel, Christian",x,,x,,,x,,,,x,,,,,,,x,SmartSoft,x,,x,,x,,,,,x,,,x,,,,,,1,,,,
ID-53,Model-driven engineering and run-time model-usage in service robotics,2011,x,,,,3,"Andreas Steck, Alex Lotz, Christian Schlegel",x,,x,,,x,,,,x,,,,,,,x,SmartSoft,x,x,x,,,,x,,,x,,,x,,,,,,1,,x,SmartSoft MDSD Toolchain,
ID-65,Tiriba - a new approach of UAV based on model driven development and multiprocessors,2011,x,,,,6,"Branco, K.R.L.J.C.; Pelizzoni, J.M.; Oliveira Neris, L.; Trindade, O.; Osorio, F.S.; Wolf, D.F.",,,,x,,x,,x,,,x,,,,,,,,x,x,,,,,x,,,,x,,,x,,,,,1,,,Matlab/Simulink,
ID-68,Towards the Automatic Generation of Self-Adaptive Robotics Software: An Experience Report,2011,,,x,,4,"Ingles-Romero, J.F.; Vicente-Chicote, C.; Morin, B.; Barais, O.",,,,x,,x,,x,,,,,,x,x,x,,,x,x,,x,,,x,,,x,,,x,,,,,x,2,,x,DiVA Framework,
ID-17,A platform-independent programming environment for robot control,2010,,x,,,4,"Reckhaus, Michael; Hochgeschwender, Nico; Ploeger, Paul G.; Kraetzschmar, Gerhard K.",,,x,,x,x,,,,,,,,x,,x,,,x,x,,,,,x,,,x,,,x,,,,,,1,,,,
ID-20,A systematic testing approach for autonomous mobile robots using domain-specific languages,2010,x,,,,5,"Proetzsch M., Zimmermann F., Eschbach R., Kloos J., Berns K.",x,,x,,x,x,,,,x,,,,,,x,,,x,x,,x,,,,x,,,,,x,,,,,,1,,,,
ID-34,Design abstraction and processes in robotics: from code-driven to model-driven engineering,2010,x,,,,4,"Christian Schlegel, Andreas Steck, Davide Brugali, Alois Knoll",,x,,,,x,,x,,,,,,x,x,,x,SmartSoft,x,x,,,,,x,,,,x,,x,,,,,,1,,x,SmartSoft MDSD Toolchain,
ID-41,From UML/MARTE to RTDT: A model driven based method for scheduling analysis and HW/SW partitioning,2010,x,,,,4,"Kacem, Y.H.; Mahfoudhi, A.; Tmar, H.; Abid, M.",x,,x,,,x,,x,,,,,,x,,,x,MARTE,x,,,x,,x,,,,x,,,x,,,,,,1,,x,Kermeta,
ID-57,Product line development using multiple domain specific languages in embedded systems,2010,,,x,,1,Tokumoto S.,x,,x,,x,x,,,,,,,,x,,x,,,x,x,,,x,,x,,,,x,,x,,,,,,1,,,,
ID-56,PLASMA: a plan-based layered architecture for software model-driven adaptation,2010  ,x,,,,4,"Hossein Tajalli, Joshua Garcia, George Edwards, Nenad Medvidovic",x,,x,,x,x,,x,,,,,,x,x,x,,,x,x,,,,,x,,,x,,,x,,,,,x,>=3,,,PLASMA framework,
ID-29,Carpe noctem 2009,2009,x,,,,18,"T. Amma, P. Baer, K. Baumgart, P. Burghardt, K. Geihs, J. Henze, S. Opfer,
S. Niemczyk, R. Reichle, D. Saur, A. Scharf, J. Schreiber, M. Segatz, S. Seute,
H. Skubch, S. Triller, M. Wagner, A. Witsch",,,x,,x,x,,,,x,,,,,x,x,,,x,x,,,x,x,,,,x,,,x,,,,,x,3,,x,,
ID-30,Concern separation for adaptive QoS modeling in distributed real-time embedded systems,2009,,x,,,7,"Gray J., Neema S., Zhang J., Lin Y., Bapty T., Gokhale A., Schmidt D.C.",x,,x,,x,x,,x,,,,,,x,x,x,,,x,x,x,,x,,,x,,,,,,x,,,,,1,,,Generic Modeling Environment (GME),
ID-35,Design of service robots,2009,,x,,,6,"Iborra, A.; Caceres, D.; Ortiz, F.; Franco, J.; Palma, P.; Alvarez, B.",,,,x,,x,,x,,x,,,,,,,,,x,x,,,,,x,,,x,,,x,,,,,,1,,x,V3Studio framework,
ID-46,MDD Based CASE Tool for Modeling Heterogeneous Multi-jointed Robots,2009,x,,,,4,"WooYeol Kim; Hyun Seung Son; Kim, R.Y.C.; Carlson, C.R.",,,x,,,x,,x,,x,,,,,,,x,,x,x,,,,,x,,,x,,,x,,,,,,1,,,HiMEM,
ID-59,Robotic software systems: From code-driven to model-driven designs,2009,x,,,,4,"Schlegel, C.; Hassler, T.; Lotz, A.; Steck, A.",,,x,,,x,,,,,,,,x,,,x,SmartSoft,x,x,,,x,,,,,x,,,x,,,,,,1,,,,
ID-27,Avida-MDE: A digital evolution approach to generating models of adaptive software behavior,2008,x,,,,2,"Goldsby H.J., Cheng B.H.C.",x,,x,,,x,,x,,,,,,x,,,x,,x,,,,x,,,x,,,,,x,,,,,,1,,,Avida-MDE,
ID-62,Semi-automatic Software Development Based on MDD for Heterogeneous Multi-joint Robots,2008,x,,,,3,"Hyun Seung Son; Woo Yeol Kim; Kim, R.",,,x,,,x,,x,,x,,,,, ,,x,,x,x,,,,,x,,,x,,,x,,,,,,1,,,HiMEM,
ID-64,The SPICA development framework model-driven software development for autonomous mobile robots,2008,x,,,,3,"Baer P.A., Reichle R., Geihs K.",x,,x,,x,x,,x,,,,,,x,x,x,,,x,x,,,,,x,,,,x,,x,,,,,x,4,,,SPICA,
ID-69,V3Studio: A Component-Based Architecture Modeling Language,2008,x,,,,3,"Alonso, D.; Vicente-Chicote, C.; Barais, O.",x,,x,,x,x,,x,,,,,,x,x,x,x,,x,x,,,x,,x,,,x,,,x,,,,,,1,EMF,x,V3Studio framework,
ID-04,A Domain-independent Middleware Framework for Context-aware Applications,2007,,,x,,4,"Pinto, R. P., Cardozo, E., Coelho, P. R., & Guimarães, E. G.",x,,x,,x,x,,x,,,,,,x,x,,x,,x,x,,,x,,,x,,,,,x,,,,,,1,,,ACORD-CS,
ID-06,A Generative Approach to the Development of Autonomous Robot Software,2007,,,x,,5,"Baer, P.A.; Reichle, R.; Zapf, M.; Weise, Thomas; Geihs, K.",x,,x,,x,x,,x,,,,,,x,x,x,,,x,x,,,x,,x,,,x,,,x,,,,,x,4,,,SPICA,
ID-47,Model Driven Design of Reliable Robot Control Programs Using the jABC,2007,,,x,,4,"Jorges, S.; Kubczak, C.; Pageau, F.; Margaria, T.",x,,x,,,x,,x,,,,,,x,,,,,x,x,,x,x,,x,,,x,,,x,,,,,,1,,,jABC,
ID-13,"A Model-Driven Architecture Approach for Modeling, Specifying and Deploying Policies in Autonomous and Autonomic Systems",2006,x,,,,5,"Pena, J.; Hinchey, M.G.; Sterritt, Roy; Ruiz-Cortes, A.; Resinas, M.",,x,x,,,x,,,,,,,,x,x,,x,,x,x,,,,,x,,,x,,,,,,x,,x,<=1000,,,,
ID-12,A model-driven approach for generating embedded robot navigation control software,2004,x,,,,3,"Bina Shah, Rachael Dennison, Jeff Gray",x,,,,,x,,x,,x,,,,,,,x,,x,x,,,,x,,,,x,,,x,,,,,,1,,,"Generic Modeling
Environment (GME)",